<?xml version="1.0" encoding="UTF-8"?>
<b:beans xmlns:b="http://www.springframework.org/schema/beans"
	xmlns:xsi="http://www.w3.org/2001/XMLSchema-instance" 
	xmlns="http://www.springframework.org/schema/security"
	xsi:schemaLocation="http://www.springframework.org/schema/beans 
							http://www.springframework.org/schema/beans/spring-beans-3.0.xsd
							http://www.springframework.org/schema/security 
							http://www.springframework.org/schema/security/spring-security.xsd">


	<http>
		<csrf disabled="true"/>
		<intercept-url pattern="/login" access="permitAll" />
		<intercept-url pattern="/fillUsers" access="permitAll" />
		<intercept-url pattern="/images/**" access="permitAll" />

		<!-- intercept-url pattern="/**" access="hasRole('USER')" / -->
		<!-- intercept-url pattern="/**" access="hasRole('USER') or hasRole('ADMIN')" / -->
		<intercept-url pattern="/**" access="authenticated" />
		<intercept-url pattern="/delete" access="hasRole('ADMIN')" />

		<form-login login-page="/login" default-target-url='/' always-use-default-target='true' />
		<logout logout-url="/logout" />
	</http>

	<authentication-manager>
		<authentication-provider>
			<user-service>
			<!-- {noop} see https://docs.spring.io/spring-security/site/docs/5.0.4.RELEASE/reference/htmlsingle/#ns-minimal -->
				<user name="user" password="{noop}password" authorities="ROLE_USER" />
				<user name="admin" password="{noop}password" authorities="ROLE_USER,ROLE_ADMIN" />
			</user-service>
		</authentication-provider>
	</authentication-manager>
</b:beans>
